	Gene
CRISPR	7809
cas1	4967
cas2	4717
cas5	3209
Unknown	3190
cas7	2764
cas3	2363
cas6e	1860
cas8e	1830
cse2gr11	1825
cas4	1395
cas6	1374
cas9	1162
PTPS	828
CysJ	828
CysH	827
CysI	826
cas10	759
csm3gr7	745
cas8c	664
cas3HD,cas3	622
csn2	617
cas6f	589
cas7f	587
cas8f	530
cas5f	528
cas3f	502
cas7b	466
csx1	420
csm2gr11	402
FixX	393
FixA	392
G3P_antiterm	391
FixB	389
GlcD	388
FixC	387
Sugar_tr	385
SopD	384
Ga5DH-like_SDR_c	382
COG1237	378
csm4gr5	364
NarK	362
FGGY_ygcE_like	338
csm5gr7	322
WYL	305
cas8b1	268
HOK_GEF	267
cmr3gr5	250
csm6	242
cmr5gr11	240
cmr4gr7	234
cas8b2	229
cmr6gr7	226
cmr1gr7	189
casR	179
cas4,cas1	138
csb2gr5	130
csb1gr7	125
HTH_Tnp_1,HTH_21,rve	117
csx19	107
csx10gr5	106
HTH_11,WYL	95
csf2gr7	87
csf3gr5	86
csf1gr8	83
csc2gr7	82
cas10d	82
csc1gr5	82
TniQ	78
cas3HD	76
IstB_IS21	72
csm3gr7,csm3gr7	70
cas2,DEDDh	68
DDE_Tnp_1	68
PD_DExK	66
DUF1240	66
csb3	64
RelE	64
HD,cas3	63
cas8f,cas5f	60
COG4584	57
Transposase_mut	57
cas8u1	55
RHH	55
cas13b	55
cas8b11	53
DinG	52
csx16	52
csa5gr11	52
DEDDh	48
cas12j	47
csx20	47
HTH_XRE	46
DEDD_Tnp_IS110,Transposase_20	45
gRAMP	45
cas8b3	44
PIN	42
Lrp	41
HTH_Tnp_1	41
csx3	41
RT	39
csm3gr7,csx10gr5	35
HTH_21,rve,rve_2	35
tm_HEPN	34
RT,cas1	34
cas12a	34
corA	32
HEPN	31
cas12f1	31
Xre	30
PHD	29
cysH	29
Y1_Tnp	27
HicA	27
MNT	27
STAND_TPR	26
MarR	26
AbrB	26
csx18	26
MdlB	26
csf4gr11	25
His_Phos_1	25
COG1373	24
cas3,cas3HD	23
HDc,cas3	23
csx1,csx1	23
Usp	22
TPR	22
HicB	22
PIN_VapC4-5_FitB-like	21
cas5,cas5	21
csa3	21
Lin0512_fam	21
TnpB	21
GATase1_1	21
DUF820	20
2OG	20
HicB_lk_antitox	20
cas8a2	20
cas12f2	20
AAAA	19
YitT	19
COG2843	19
TyrB	19
PemK_toxin	18
Tra8	18
DAP2	17
YafQ_toxin	17
LRR_4,LRR_8,Gram_pos_anchor	17
Tmk	17
HTH_28,HTH_21,rve,rve_2	17
MIP	17
cas8u2	17
cas8b12	16
csx21	16
cas10,cas10	16
cas8b2,cas11b	16
DDE_5	16
DnaC	15
DUF772,DDE_Tnp_1	15
HTH_31	15
cas3,cas3	14
HyuA	14
cas8b6	14
PrimPol	14
cas6,icity0080	14
DDE_3	14
DUF4096,DDE_Tnp_1	14
cas8a7	14
Bro-N	14
InsG	14
SIR2-like	14
csx23	14
DUF433	13
Uma2	13
Fic	13
Unk_01	13
cas8a1	13
IS5	12
AcrR	12
AcrA	12
MerR	12
PRiA4_ORF3	12
Methyltransf_25	12
COG5421	12
RecB	12
TnpB_IS66	12
SkfB	12
ClpA	12
RAYT	12
COG1451	12
XerD	12
HigB_toxin	12
HTH_28	12
ClpS	11
RpoE	11
TniB	11
ABC_MJ0796_LolCDE_FtsE,SalY	11
cas8b5	11
zf-ISL3,HTH_Tnp_ISL3,DDE_Tnp_ISL3	11
YkvA	11
Hcp	11
HIRAN	11
cas8a4	11
XRE	11
cas11b	11
Mem_02	11
23S_rRNA_IVP_like	11
csx1,csx20	11
DUF2813,TOPRIM_OLD	10
HAD_Pase	10
HTH_ARSR	10
LZ_Tnp_IS66,zf-IS66,DDE_Tnp_IS66,DDE_Tnp_IS66_C	10
HTH_21,rve	10
LCB5	10
RraA_family	10
CysK	10
YbjE	10
HCP,HCP	10
csx15	10
FNR_iron_sulfur_binding_1,fer2	10
cas7b,cas7b	10
PIN_Pae0151-like	10
DUF1016	10
MoaA	10
QueC	10
TauE	10
COG2442	10
OmpR	10
CspC	10
HTH_Tnp_1,HTH_21,rve,rve_2	10
DUF397	10
ThsB	10
SstT	9
PSRA_1	9
Cas9-BH,cas9	9
YgiQ	9
rve	9
CitB	9
YbaY	9
InsQ	9
Atl1	9
P-II	9
TesB	9
AmtB	9
csf5gr6	9
metallo-hydrolase-like_MBL-fold	9
COG5642	9
Virulence_RhuM	9
cas7,cas7	9
SgrR	9
cas3HD,cas3,cas3	8
pfam04383	8
23S_rRNA_IVP	8
DUF2787	8
COG2865	8
HTH_MerR-like	8
HTH_26	8
COG3464	8
cas8a3	8
ABC_DR_subfamily_A	8
COG2452	8
FimA	8
cas12f4	8
GT4_PimA-like	8
FadH2,RHOD_Pyr_redox	8
SSB_OBF	8
cas3d	8
CodB	8
COG5654	8
GajA	8
csx1,trans_reg_C	8
Unk_02	8
DUF535	8
cas11	8
PTR2	8
AAA-ATPase_like,DUF1703	8
YjgR	8
HTH_32,rve,Mu-transpos_C	8
cas5u	7
MhpC	7
csm3gr7,cmr3gr5	7
AnsP	7
csb2gr5,csb2gr5	7
MFS_3	7
ARO8	7
DUF2442	7
DUF917	7
HAD_like	7
Flavin_Reduct	7
ER_like_FMN,Pyr_redox_2	7
AAA_33,WYL	7
DUF4825	7
HTH_28,HTH_28,HTH_21,rve,rve_2	7
LbH_MAT_GAT	7
COG3415,DDE_3	7
DUF973	7
PulO	7
SixA	7
CHAD	7
Hydantoinase_B	7
TPR_1,TadD,TPR	7
POD-like_MBL-fold	7
Glyco_tranf_GTA_type	7
RHOD,DUF2892	7
COG3535	7
GlpA	7
HoxN	7
CoxG	7
PDDEXK_1	7
csx1,ADA	7
STKc_PknB_like	7
MviM	7
Unk_03	7
AcyP	7
cas6,RT,cas1	7
Couple_hipA,HipA_C	7
FTHFS	6
COG0286	6
icity0082	6
HmgA	6
cas12f3	6
zf-ISL3	6
cas3HD,cas3,cas8e	6
cas13a	6
HDOD,cas3	6
AbiEii	6
NTP_transferase_like_1	6
DDE_Tnp_1_4	6
AAA-ATPase_like	6
COG2510	6
HTH_3	6
PIN_Sll0205-like	6
GTP1	6
IleS	6
LspA	6
ligand_gated_channel	6
PIWI	6
RibF	6
Ugd	6
YeeP	6
ValS	6
UPF0236	6
zinc_ribbon_2	6
cmr4gr7,cmr4gr7	6
COG4584,TetR_C_11	6
TyrS	6
IspH	6
InsE	6
DDE_Tnp_ISL3	6
DUF772,DDE_Tnp_1_6	6
DUF772	5
EcCS_like	5
EzrA	5
AcetylCoA_hydro,AcetylCoA_hyd_C	5
HspQ	5
RpoN	5
ANT	5
2OG-FeII_Oxy_2	5
tm_4	5
THDPS_M,LbH_THP_succinylT_putative	5
MetAP1	5
AAA_30,UvrD_C_2	5
PTC1	5
MFS	5
NDPk_I	5
Glutenin_hmw,HdeD	5
TPH	5
HTH_Tnp_4,DDE_Tnp_4	5
BaeS	5
IclR	5
ProRS_core_prok,ProRS-INS,ProS	5
ZorD	5
cas6e,cas6e	5
GajB/UvrD	5
DUF772,DDE_Tnp_1_2	5
Acetyltransf_3	5
icity0081	5
COG2856	5
M13	5
HTH_32,DDE_3	5
HxlR	5
HU-DNA_bdg,Bvu_2165_C_like	5
HTH_23	5
CLECT_VCBS	5
ZorD/Mrr_cat	5
TniQ,TnsD	5
DDE_Tnp_1_assoc,YhhI,YhhI	5
AraC,YdeE	5
DUF805	5
MAE_01690	5
RT_Bac_retron_II	5
pfam08843	5
cas13c	5
MoxR	5
ExeA	5
COG3415	5
DDE_Tnp_1_3	5
YjbI	5
DUF4351	5
FhuE	5
GppA	5
YbbA	5
PrtC	5
LmuB	5
DsrC	5
ThsA	5
cas5,cas8b2	4
DUF2861	4
Glyco_hydro_129	4
OafA	4
Rve	4
DUF2331	4
CAAX	4
PIN_MT3492-like	4
SR_ResInv,HTH_Hin_like	4
pfam09954	4
Smc	4
PotE	4
DUF4096,DDE_Tnp_1_2	4
Acetyltransf_1	4
COG1192	4
JetD	4
SDR_c	4
COG4585	4
cas3,cas8e	4
YdiL	4
Efp,Elong-fact-P_C	4
Fer4_12	4
COG3666,DDE_Tnp_1_6	4
ZnMc_serralysin_like	4
DUF3290	4
YcaP	4
ESPR,Haemagg_act,Fil_haemagg_2,Fil_haemagg_2	4
LpqC	4
FucP	4
cas12b1	4
UPF0227	4
ZorE	4
cas8b10	4
Arc	4
Transposase_20	4
N6_N4_Mtase	4
csx1,KR_3_FAS_SDR_x	4
PIN_LabA	4
cas8b4	4
HomoserineK_II	4
UDP_GE_SDE_e	4
Unk_06	4
INT_RitB_C_like	4
csx10gr5,Glyco_trans_4_4	4
D-AAT_like	4
csx25	4
Creatinase_N_2,APP	4
Methyltransf_21	4
cmr7	4
Tn7_Tnp_TnsA_N,Tn7_Tnp_TnsA_C,rve,Mu-transpos_C	4
APP	4
DinI	4
AAA_28	4
DNA_BRE_C	4
DUF45	4
DUF962	4
Acetyltransf_10	4
HamB/DruE	4
SIR2H	4
UgpE	4
Phage_AlpA	4
FGGY_EcGK_like	4
HTH_23,HTH_33,DDE_3	4
cas5a	4
DHH_CorA	4
AsnS	4
LexA	4
Mem_04	4
Methylase_S,Methylase_S	4
BLMA_like	4
PBP2_CrgA_like_4	4
YhaK	4
YcaC_related	4
MFS_1	4
FimD	4
YedE	4
Peptidase_S51	4
HSP70_NBD	4
Endonuclease_DUF559	4
ERM	3
HTH_ARSR,MNT	3
MATE_Wzx_like	3
EndoU_bacteria	3
PulE	3
COG3943,Fic	3
cas6,cas1	3
COG2159	3
COG4637	3
DUF4276	3
Methyltransf_19	3
LacAB_rpiB	3
DUF3404,HATPase_c_2	3
csm5gr7,TPH	3
UPF0158	3
HTH_XRE,COG2856	3
UPF0175	3
COG0610	3
pfam01724	3
COG2189	3
GsiA	3
INT_ICEBs1_C_like	3
Tyr_Deacylase	3
Ntox47	3
GIY-YIG_UPF0213	3
InsA,InsB	3
GGCT_like	3
BarS	3
GabT	3
FhaC	3
ACS	3
PurM-like1	3
CcmA	3
BcsA	3
WrbA	3
FHA	3
HATPase_c_2	3
FtsI	3
COG1479,DUF1524	3
Nif11	3
DHquinase_II	3
RHH_1	3
AccB	3
UgpA	3
YesN	3
RacX	3
AccC	3
PrmA	3
DusA	3
Fis	3
HNHc	3
COG1715	3
SEC-C	3
InsA	3
Methyltransf_24	3
YciW	3
YHI9	3
csx1,LuxR_C_like	3
DUF711	3
RnaY,cas3	3
YegI	3
vWA_subfamily	3
PP2C_2	3
SufI	3
YbaB_DNA_bd	3
PIN_MtVapC3-like_start	3
PHD,UPF0175	3
Ribonuc_L-PSP	3
TauD	3
GrsT	3
cas8b8	3
cas8u1,cas8u1	3
Ribosomal_L21p,Hc1	3
RpmA	3
NadF	3
RecR	3
MPN_DUF2466	3
zinc_ribbon_15,FYVE_Slp3_4_5	3
JetB	3
JetC	3
Tex	3
COG5340	3
Tgt	3
DUF87,YjgR	3
Amidohydro_2	3
MobA	3
cas8a6	3
DUF3794	3
SSgr11	3
HNH_5	3
DUF4433	3
RimL	3
TatC	3
Pgk2	3
HTH_Hin_like,rve	3
JetA	3
HDc,cas10	3
PT-VENN	3
SpoT	3
zf-ISL3,DDE_Tnp_ISL3	3
DUF488	3
MazF	3
GajB/UvrD,UvrD_C_2	3
DUF4322	3
COG1475	3
Nop53	3
SpoVK	3
NifS	3
tRNA_Me_trans	3
RfaF	3
RPT1	3
Phage_holin_3_6	3
Phage_int_SAM_1,INT_RitC_C_like	3
TPR_19	3
FimC	3
CysE	3
Plasmid_Txe	3
MhpD	3
DruE	3
DDE_Tnp_1_5,DDE_Tnp_1	3
EcsC	3
TniQ,HA,HA,HA,HA,HA	3
GlpR,WYL	3
RT,GIIM	3
MqsA	3
Plasmid_killer	3
DUF1848	3
csm3gr7,csm3gr7,csm3gr7	3
ATPase_01	3
Unk_04	3
N6_Mtase	3
DUF2939	3
csx1,DUF1874	2
DegQ	2
VRR_NUC,DEDDh	2
COG4185	2
AHH	2
zf-HC3	2
PseudoU_synth_TruA_Archea	2
Transglut_core	2
SmpB	2
cmr1gr7,MNT	2
pfam00004	2
COG4053	2
Rick_17kDa_Anti	2
IMPDH	2
COG1900	2
IDI-2_FMN	2
RnjA	2
NT_2-5OAS_ClassI-CCAase	2
LbR_vir_like,Autotransporter	2
ZupT	2
NanE	2
M48B_HtpX_like	2
COG1103	2
cmr1gr7,cmr1gr7	2
MarC	2
Cu_amine_oxidN1	2
DoxX	2
DDE_Tnp_1_6	2
HTH_Tnp_1,HTH_21,rve_3	2
COG1407	2
GlpR	2
FhlA	2
RfaB	2
PLDc_N	2
COG2403	2
SGL	2
cas8b9	2
YqeK,cas3	2
DEDDh,UvrC	2
Mcm2	2
NLPC_P60	2
Peptidase_M23	2
RecN	2
zf-ISL3,COG3464	2
cmr6gr7,TPH	2
TatA	2
HVD	2
HTH_29,rve	2
CpdA,CpdA	2
Dob10	2
YafJ	2
HisF	2
HINT_subgroup	2
COG2810	2
DUF262	2
Rli1	2
Beta_helix	2
Mem_01	2
SSB	2
DUF4252	2
STAND_TPR,TPR_10,TPR_12	2
COG4715	2
Prok-E2_E	2
DnaX,DUF4813,DUF3646	2
ThiF_MoeB_HesA_family	2
Cmk	2
cas1,cas2	2
TolA	2
OmpA_C-like	2
STAND_TPR,CHAT	2
HipA_C	2
TPR_10	2
pfam10923	2
corA,casR	2
HemC	2
AAA_33	2
M20_Acy1-like	2
BrnT_toxin	2
COG5464	2
Gp49	2
COG4643	2
cas11d	2
DUF4282	2
YncE	2
AHL_lactonase_MBL-fold	2
Mem_03	2
RHH_3	2
pfam14213	2
DUF3800	2
PIN_MtVapC28-VapC30-like	2
PSK_trans_fac	2
HTH_IclR,WYL	2
csm5gr7,MAP7	2
HEAT_CxxC_PDDEXK	2
COG3505	2
BCCT	2
RhtB	2
yhbS	2
SCP2	2
PEPT_D	2
Methyltransf_25,COG4797	2
COG2931	2
SbcD	2
THZ_kinase	2
cas9,COG1479	2
LSIVC	2
SSIVC	2
InsA,DDE_Tnp_IS1595	2
ABC2_membrane_5	2
zinc_ribbon_2,FHA	2
DHPS-like_MBL-fold	2
DdlA	2
DNA_processg_A	2
CHAT	2
DDE_5,DDE_Tnp_1	2
HdrA	2
T6SS_HCP	2
TPR,TPR,CHAT	2
RES	2
RT_Bac_retron_I	2
AspB	2
LolA	2
DUF87	2
PLPDE_III_AR	2
SLH,SLH	2
TPR,COG4585	2
HdeD	2
YbjQ_1	2
TraG-D_C	2
Trypsin_2	2
YSH1	2
HTH_32,DUF4096,DDE_Tnp_1	2
TPR,TPR	2
Zn_Tnp_IS91,Y2_Tnp	2
DUF4200,csm5gr7	2
FC-FACS_FadD_like	2
STE14	2
cas8b10,cas8b10	2
BirA2	2
PtuA	2
FGE-sulfatase	2
PTS_IIB_chitobiose_lichenan	2
RecB,GajB,YrdD	2
TPR,CHAT	2
HtpG	2
DPM_DPG-synthase_like	2
Tn7_Tnp_TnsA_N,Tn7_Tnp_TnsA_C	2
NfsB_like_nitroreductase	2
DUF1424	2
POLBc_B2	2
RpiR	2
INT_RitA_C_like	2
INT_Rci_Hp1_C	2
RadC	2
pfam10543	2
H2O2_YaaD	2
NRDD	2
STKc_PknB_like,STAND_TPR	2
csx16,casR	2
HTH_XRE,DUF4384	2
csx1,CsgD	2
Phage_int_SAM_1,INT_RitA_C_like	2
VOC_like	2
pfam10074	2
SdpI	2
cas6,csm6	2
CcdA	2
Toprim	2
CstA	2
Barstar	2
DUF4236	2
Gmx_para_CXXCG	2
Aldo_ket_red	2
barnase	2
Mem_DnaJ	2
DSS1_SEM1	2
Tropomyosin	2
COG1061	2
EpsG	2
COG2852,RecQ	2
BioY	2
InsE,HTH_21,rve,rve_2	2
Nudix_Hydrolase_17	2
COG3464,DDE_Tnp_ISL3	2
YwqK	2
Transposase_31,DUF4351	2
DUF1707	2
ABC_NrtD_SsuB_transporters	2
cas8b7	2
COG4279	2
GT2	2
NMT1	2
YktD	2
UB2H,MrcB	2
UDP_AE_SDR_e	2
rve,Mu-transpos_C	2
YmaB	2
MutT_pyrophosphohydrolase,TMP-TENI	2
WYL,cas3	2
STAND_TPR,PDDEXK_1	2
DUF1315	2
RfbX	2
NuoI	2
SR_ResInv	2
Adenine_glyco	2
SplB	2
Whib,RpoE	2
DLP_2	2
ribokinase	2
NADHdh	2
RPE	2
COG0507	2
DUF2997	2
ABC_BcrA_bacitracin_resist	2
Transglut_core3	2
PolY_Pol_V_umuC	2
AzoR	2
SRPBCC	2
TauC	2
BrnA_antitoxin	2
FBPase	2
SsuE	2
cas3f,cas3	2
pfam11726	2
DUF4096	2
DDE_Tnp_1_assoc,YhhI	2
DHRS6_like_SDR_c	2
TrpS	2
DUF932	2
DUF2779	2
Chromate_transp	2
hemP	2
Phage_Mu_F	2
COG3174	2
YdeI	2
DUF4372,DDE_Tnp_1	2
Aes	2
DnaE	2
PurR	2
HTH_XRE,SNAP	2
INT_tnpB_C_Tn554	2
Phage_int_SAM_1,INT_tnpA_C_Tn554	2
COG3547	2
HP_OMP	2
KDPG_aldolase	2
Macro_Poa1p_like	2
GatA	2
Met_dep_hydrolase_A	2
DUF1330	2
Transaldolase_FSA	2
COG1817	2
AraH	2
MglA	2
AHBA_syn	2
DDE_Tnp_1,DDE_Tnp_1	2
CrgA	2
Filament,DUF745	2
YesM	2
COG2905	2
UbiE	2
Phage_rep_O	2
SsuD	2
pfam09823	2
AlkB	2
PAS_10	2
rve_3	2
GH43_XynD-like	2
AAA_11,AAA_11,AAA_12,Vsr	2
GIY-YIG_HE_Tlr8p_PBC-V_like	2
STKc_PknB_like,PASTA	2
DUF4435	2
S2P-M50_like_1	2
DNA_pol_III_epsilon_Ecoli_like	2
PI-PLCXDc_like	2
Ribonuc_red_2_N,Ribonuc_red_lgC	2
FAD_oxidored	2
TMR_SDR_a	2
ADA	2
DEDDh,GIY-YIG_UvrC_Cho	2
NrdR	2
TMPK	2
ABC2_membrane_2	2
COG1401	2
GreA	2
DraG	2
KdpD	2
TolQ	2
PBP2_TMBP_like	2
ThsB,Unk_01	2
RDD	2
XisI	2
HTH_Tnp_IS630	2
FtsW	2
GATase1_Anthranilate_Synthase	2
DEDD_Tnp_IS110	2
LuxR_C_like	2
SpoVAC_SpoVAEB	2
SdrC	2
GreA_GreB_N	2
DUF3990	2
Lig	2
DUF1874	2
FliA	2
pfam12773	2
TIM	2
HU	2
BirA,WYL	2
COG3378	2
STKc_PknB_like,PARM	2
DUF3788	2
RfbB	2
AcrB	2
YicI	2
DUF928	2
CopZ	2
DUF3662,FHA	2
SF2-N	2
PIN_LabA-like_N_1,LabA_like_C	2
COG5659	2
RuvB	2
LRAT	2
HTH_32,rve	2
Pcm	2
SLAC1	1
Ser_Recombinase,Recombinase,Zn_ribbon_recom	1
ZorD,PLC-beta_C	1
Peptidase_C25_N_1	1
COG5017	1
ZipA	1
csa3,M20_ArgE_DapE-like	1
DUF3404	1
PAS_5	1
LbH_SAT	1
PurM	1
Alg14	1
MurNAc-LAA	1
ScpA	1
LytT	1
LytS	1
FMT_core_GART	1
COG4030	1
GyrB,DNA_gyraseB_C	1
S14_ClpP_2	1
RbsK	1
FabI	1
F420_ligase	1
GT_2_like_c	1
FlpD	1
TAT_signal,PBP2_TRAP_alpha-ketoacid	1
CarbopepD_reg_2	1
Tig	1
YloA	1
cas9,VAR1	1
csn2,csn2	1
DinB_2	1
YeaD2	1
HTH_1,PBP2_LTTR_aromatics_like	1
DUF3363	1
APH	1
Ald_Xan_dh_C,Ald_Xan_dh_C2	1
Endonuclea_NS_2	1
Cyclase	1
AbiEii,Mucin,AbiEii	1
COG3413	1
COG2253,cas10	1
COG4742	1
DrmD/ZorD,ZorD	1
CBS_pair_SF,CBS_pair_bac_euk,AsnC_trans_reg	1
DUF3224	1
cmr1gr7,RNA_POL_M_15KD	1
GATase1_PfpI_3	1
GGACT,cmr4gr7	1
AdoMet_Synthase	1
SNase	1
RPA	1
pfam11000	1
rve,rve_2	1
DDE_Tnp_IS1	1
CysZ	1
APH_6_hur	1
SdrD_B	1
CxxCxxCC	1
DruA,DDE_Tnp_1_assoc	1
SprA-related	1
TonB_C	1
Yae1_N	1
DUF3857	1
HTH_Hin_like,WYL	1
HTH_28,HTH_28	1
HTH_XRE,Cupin_2	1
MopB_Acetylene-hydratase,MopB_CT_Acetylene-hydratase	1
DUF4332	1
Peptidase_S41_CPP_like,Peptidase_S41_CPP_like	1
Peptidase_S41_CPP_like	1
BtuB,ligand_gated_channel	1
COG2936	1
GajB,GajB/UvrD,UvrD_C_2,zf-C4_Topoisom	1
ydcZ	1
DMT_YdcZ	1
DUF1349	1
M1_APN_like	1
Amino_oxidase	1
DUF1801	1
TetR_N,TetR_C	1
Cass2	1
GlcNAc-1-P_transferase	1
PBP2_TdcA	1
HTH_1,PBP2_TdcA	1
Argininosuccinate_lyase	1
PGRP	1
DUF4190,DUF4352	1
RRP36	1
TIR-like	1
DPCK	1
GIY-YIG_unchar_3	1
DapF	1
Bax	1
Tra5	1
DUF4375	1
YycJ-like_MBL-fold	1
Rubredoxin	1
DUF4097	1
WG_beta_rep,WG_beta_rep,WG_beta_rep,WG_beta_rep,WG_beta_rep	1
YciM,STAND_TPR,Smc,HemY,STAND_TPR,COG4700	1
XerC	1
PurH	1
benzyl_alcohol_DH	1
DsbC,DsbD	1
FxsA	1
McrBC	1
Plasmid_parti	1
PDDEXK_4	1
SDR_a4	1
Plasmodium_HRP,P-type_ATPase_Cu-like	1
CDC6	1
pfam10711	1
Thioredoxin	1
Telomere_res	1
cas3HD,ResIII	1
DcuC	1
HTH_1,PBP2_CrgA_like_5	1
MDR1	1
csm5gr7,DUF4398	1
DD_cGKI-alpha,LZ_Tnp_IS66,zf-IS66,DDE_Tnp_IS66,DDE_Tnp_IS66_C	1
INT_XerDC_C	1
TPR_19,PrimPol,Borrelia_orfA	1
Alanine_zipper,Collagen	1
CsgG,FlgT_C	1
PrimPol,COG5545,DUF3874	1
Dabb	1
HTH_MlrA-CarA	1
Bac_DNA_binding	1
TF_Zn_Ribbon	1
COG3018	1
CAP_bacterial	1
Condensation,A_NRPS,PP-binding,EntF	1
MerR,WYL	1
ComA-like_MBL-fold	1
DoxX_2	1
Nitroreductase_3	1
COG4443	1
Tom37,GST_C_6	1
4HB_MCP_1,ZorA	1
HTH_DeoR,WYL	1
DUF3944,YaaW	1
Ifi-6-16	1
UDP_G4E_1_SDR_e	1
Exo,PolA	1
ResIII,COG3587	1
LanC_SerThrkinase	1
Sigma70_r2	1
DUF2000	1
BenE	1
MdaB	1
GT4_GT28_WabH-like	1
COG3421	1
MR_like_1	1
HTH_1,PBP2_CrgA_like	1
DUF3021,WD40	1
HTH_TipAL-Mta,UbiE	1
GATase1_PfpI_1	1
ParAB_family	1
KwaB	1
G1P_TT_short	1
OCDMu	1
dTDP_sugar_isom	1
CMD	1
PBP2_Sa-PDT_like	1
RmlD_sub_bind	1
ZorE/PtuB	1
PcfK	1
PcfJ	1
BCAT_beta_family	1
COG3666,betaPIX_CC,DDE_Tnp_1,DDE_Tnp_1_6	1
MscS	1
PaaK	1
MutS	1
RoxA	1
DEDDh,DnaE	1
NB-ARC	1
HdrC,NarI	1
bPH_2	1
DUF2788	1
HAD_HPP	1
HTH_29,HTH_33,DDE_3	1
COG1878	1
PRX_1cys	1
NMNAT_Archaea	1
DDE_Tnp_ISAZ013	1
TPH,DUF2130	1
NYN	1
ComEC	1
DUF3465	1
GIY-YIG_unchar_2	1
WD40,WD40	1
DUF3553,DUF4433	1
csm2gr11,csm2gr11	1
DUF4870	1
DM13	1
CBS_pair_bac,CP12	1
NAPRTase_A	1
NMNAT	1
MetC	1
PBP2_Arg_Lys_His	1
GPDPase_memb	1
GIY-YIG_HE_I-TevI_like	1
DHDPS-like	1
PBP2_taurine	1
Rieske_RO_ferredoxin	1
ArsB_NhaD_permease	1
TPR,TPR_12,TPR_19	1
LELP1	1
CSP_CDS,cmr6gr7	1
Ung	1
cmr5gr11,cmr6gr7	1
DUF4083	1
DUF333	1
HTH_XRE,TPR	1
DUF2200	1
Abhydrolase_3	1
PAF-AH_p_II	1
HTH_TipAL-Mta	1
Lnt	1
LytTR	1
Collagen_mid	1
SerS	1
YjhB,COG4111	1
GAT_Gln-NAD-synth,NAD_synthase	1
VCBS,VCBS,VCBS,VCBS,GH99_GH71_like	1
Cdd	1
DLP_2,Rick_17kDa_Anti	1
FliJ	1
icity0080	1
Imp-YgjV	1
Peptidases_S8_Autotransporter_serine_protease_like	1
PtsG1	1
PPM	1
DeoD	1
Udp	1
MATE_MepA_like	1
UPF0047	1
HTH_28,rve	1
DUF2887	1
ArgD	1
Voltage_gated_ClC	1
LivH	1
PabA	1
DRE_TIM_LeuA3,LeuA_dimer	1
DUF2283	1
AAA_16	1
DLP_2,MscS_porin	1
MscS_porin	1
Gph	1
MMR_HSR1,COG3597	1
PMSR	1
HDAC_AcuC_like	1
ErfK	1
RT,PrimPol	1
PTS_IIA_fru	1
Prok-JAB	1
Prok-E2_B,ThiF	1
FmdA	1
SpoVR	1
YeaH	1
PrkA	1
YhgE	1
HTH_XRE,TPR_19,TPR	1
csx1,Borrelia_orfA	1
Myosin_tail_1	1
Pfs	1
Pinin_SDK_memA,cmr1gr7	1
csm3gr7,csx21	1
Exonuc_V_gamma	1
GlgC	1
Fes	1
GT_WecA_like	1
KfrA_N,ERM	1
csx28	1
cas12b2	1
RpsO	1
CobN-Mg_chel	1
PG_binding_1,PGRP,PG_binding_1	1
FUR	1
RpoD	1
GpsA	1
LipA	1
Glucos_trans_II,COG4585	1
M20_Acy1	1
SARG,FlhG	1
FtsK	1
FlhG	1
DUF1421,FlhG	1
DUF4359	1
CAS_like	1
NrdR,NrdR	1
DUF4079	1
COG5637	1
csx27	1
COG4584,FecR	1
DDE_Tnp_4	1
HTH_20	1
DUF1822	1
CHASE2	1
NlpI	1
Peptidases_S8_13	1
MarR,WYL	1
cmr6gr7,cmr6gr7	1
cas10,DUF4441	1
DUF1664	1
Golgin_A5	1
GGN	1
RelA_SpoT	1
cas5,SSgr11	1
GGACT	1
NurA	1
Cas8b,Cas11b	1
cas11d2	1
cas8a9	1
Penicillinase_R	1
Phosphodiest	1
COG3349	1
PhrB	1
Upp	1
STKc_PknB_like,FAP,FHA	1
DUF11,FN3,Integrin_alpha2,PKD	1
YqxC	1
RT,Intron_maturas2	1
PhnB_like	1
BacA	1
DUF333,Inhibitor_I42	1
EVE	1
SodA	1
PrtC,DUF3656,PrtC	1
Putative_PNPOx	1
Sigma70_r3	1
csa3,SRPBCC_CalC_Aha1-like_GntR-HTH	1
RT,cas1,Pro-rich,cas2	1
RT,cas1,cas2	1
DUF262,DUF1524	1
HTH_BmrR	1
zinc_ribbon_2,RPL40A	1
TadA	1
WecG	1
DUF2905	1
VCBS,VCBS,VCBS,VCBS,VCBS,VCBS,VCBS,VCBS,VCBS,VCBS,VCBS,VCBS,VCBS	1
DUF3179	1
DnrI,COG3903,TPR	1
WcaA	1
ABC_tran_CTD,Cu_amine_oxidN1	1
YabR	1
DivIC	1
Spore_YabQ	1
CBS_pair_inorgPPase,DRTGG,CBS_archAMPK_gamma-repeat2,PPX1	1
YabP	1
SpoIID	1
HslR	1
YabN	1
SIMIBI	1
COG5493	1
M56_like	1
BLOC1_2	1
COG4934	1
GT4_WbaZ-like	1
GT4_WbuB-like	1
YfhO	1
GalU	1
UGD_SDR_e	1
Cytochrom_C	1
Sco1	1
SCO	1
AAA_27,DUF4686,YhaN	1
csm4gr5,Trypan_PARP	1
FoP_duplication,csm2gr11	1
PDDEXK_3	1
Rotamase_3	1
MdoH,Glycoamylase,Glyco_transf_36,COG3459	1
CarboxypepD_reg,Plug,CirA	1
SRPBCC_3	1
M28_like,M28_like	1
GALNS_like	1
MPP_Mre11_N	1
Tas	1
HDc	1
Tubulin_2	1
FmdE	1
Pro-rich,cmr6gr7	1
EGL9	1
DDE_Tnp_2	1
Macro_Poa1p_like,HHH_3	1
AAA_14,DUF4143	1
Golgin_A5,Mod_r	1
DUF192	1
cas10,DUF4129	1
ERM,csm5gr7	1
LysS	1
MukE	1
MukB	1
STKc_PknB_like,FGE-sulfatase	1
cas10,DUF4192,cas10	1
pfam01954	1
SHOCT	1
Radical_SAM,SPASM	1
csx22	1
csx24	1
COG4190	1
RING-HC_PEX2	1
cas6,RT	1
CysQ,ADP_ribosyl_GH	1
ASCH_ASC-1_like	1
TDP2	1
RelE,GajB/UvrD	1
MAP7,csm5gr7	1
csx3,csx3	1
Vps5	1
DUF2381	1
ViaA	1
TPR_14	1
Pat_PNPLA6_PNPLA7_NTE1_like	1
HTH_MerR-trunc,SR_IS607_transposase_like	1
Ap4A_hydrolase_plant_like	1
ProS	1
csm5gr7,Synaphin	1
Ntox50	1
csx1,csx3	1
YfgC,PrimPol	1
DUF3791	1
LysM,NlpD	1
UlaG	1
Nup54	1
Asd	1
LeuB	1
LeuD	1
OMP_b-brl	1
csm5gr7,ABC_tran_Xtn	1
TSPO_MBR	1
rubredoxin_like	1
COG4801	1
WD40,STKc_PknB_like	1
PreA	1
MTH1175	1
COG2456	1
DDE_Tnp_IS1595	1
CSP_CDS,csm3gr7	1
Peptidase_C14	1
STKc_PknB_like,TPR	1
SepRS	1
M48_Ste24p_like	1
csm5gr7,NtpH	1
S1_YloQ_GTPase,YjeQ_EngC	1
DUF4153	1
HAMP,VicK	1
BglG,PTS_IIA_fru	1
PTS_IIB_ascorbate	1
UlaA	1
GIY-YIG_LuxR_like	1
ToxN_toxin	1
pfam08665	1
csm5gr7,DUF4670	1
DUF4258	1
NHL,YncE	1
PIN_LabA-like	1
MukF_N	1
Y2_Tnp	1
CuRO_D2_2dMcoN_like	1
LpxH	1
Ndh	1
RpsS	1
Ribosomal_L11	1
Ribosomal_L1	1
Ribosomal_P0_L10e	1
AlaS	1
DEDDh,RecQ,GajB,GajB/UvrD	1
ArnT	1
DPM1_like,GtrA	1
cyclophilin_EcCYP_like	1
STKc_PknB_like,TPR_1,TPR_10	1
CysS	1
AAA_25	1
pfam07751	1
HP	1
Kdo	1
CHASE2,CHD	1
FhaB	1
TPR,COG4995	1
RICIN,B_lectin,Peptidase_M23	1
RplB	1
RplW	1
RplD	1
Ribosomal_L3	1
PIN_VapC_AF0591-like	1
csx1,nitrilase	1
ThsB,TPR_12	1
KR	1
csx1,csx1,TPR_12,nitrilase_Rim1_like	1
SPASM	1
YfiQ	1
cmr6gr7,MAP7	1
CBFD_NFYB_HMF	1
TM2,DEDDh	1
csx1,EzrA	1
GajA,GajA,TOPRIM_OLD,DUF4441	1
HXXEE	1
SUKH_5	1
DUF1648	1
PtsG1,PTS_IIB_glc	1
GH4_GlvA_pagL_like	1
UvrD_C_2	1
APG17	1
Sigma70_ECF	1
LRR,TPR,COG4995	1
DmpA	1
SPOR	1
DUF2339	1
LytB	1
csm3gr7,MAP7	1
AddB	1
PolC_DP2,Hint,LAGLIDADG_3,PolC	1
CE4_GLA_like_6s	1
DUF2807	1
URH1	1
COG4857	1
GRP,csm3gr7	1
ACSF	1
PIN_Rrp44-like	1
YdhV	1
PerM	1
FwdE	1
SUMT	1
Cgi121	1
Histidinol_dh	1
DNA_ligase_A_N,Adenylation_DNA_ligase_Arch_LigB,OBF_DNA_ligase_Arch_LigB	1
ThsB,corA	1
SH3_3	1
csx3,csx3,csx3	1
TPR,TPR_12,COG4995	1
USP_Like,USP_Like	1
TM2	1
RpmF	1
Queuosine_synth	1
UPF0102	1
DnaG	1
SDR_a1	1
STKc_PknB_like,TPR,TPR_1	1
Ycf54	1
TPR,TPR,COG4995	1
CHASE2,BaeS,REC,CHD,TPR_2	1
DUF4384	1
Cis_IPPS	1
Ferritin_like	1
PrsW	1
ExbD	1
YvlD	1
PsbK	1
Fdx	1
PsbM	1
YpfH	1
HrcA_DNA-bdg,WYL	1
SpvB,RHS_repeat,RhsA	1
DDE_Tnp_ISL3,COG3464	1
cas4,FtsK	1
PrimPol,PriCT_1,DUF927	1
ROS_MUCR	1
Prim_Pol,COG5519	1
cas2,cas3HD,cas3	1
cas3d,HamB/ZorD/DruE/DrmA	1
COG3666,DDE_Tnp_1,DDE_Tnp_1_6	1
HTH_36,DnaB_2	1
HTH_ARSR,WYL	1
DDE_Tnp_1_assoc,DDE_Tnp_1,YhhI	1
Peptidase_M15_4	1
DUF3891,cas3	1
HicB,HTH_XRE	1
Resolvase,Recombinase	1
PTS_EIIC_2	1
PanE	1
HTH_21,rve_3	1
cas5,Atrophin-1	1
cas7,DUF3729	1
Phage_pRha,HTH_38	1
cas3HD,cas3,cas3,JetA	1
DNA_pol_B_2,POLBc	1
DNA_pol_B_2	1
SduA	1
Gcd14	1
DUF4291	1
VOC	1
TerD_like	1
TEF1	1
COG2112	1
NuoN	1
NuoK	1
Oxidored_q3	1
COG1750	1
hydroxyacylglutathione_hydrolase_MBL-fold,HAGH_C	1
QueG	1
Ion_trans,zinc_ribbon_2	1
YurZ	1
DUF3796	1
STAND_TPR,YdfJ	1
cas7,cas7b	1
DUF1778	1
COG4923	1
Cdd1	1
COG3576	1
DUF4096,SOBP	1
HTH_21	1
Laminin_G_3,Laminin_G_3	1
fatty_acyltransferase_like	1
Flavoprotein	1
ESX-1_EspG	1
Loricrin	1
DUF3558	1
Lpp-LpqN	1
cas3HD,HamB	1
HTH_23,COG4584	1
CBP_CCPA	1
IMS_C	1
Pro_Al_protease,Trypsin	1
HTH_33	1
LPOR_like_SDR_c_like	1
CbtA,COG4585,COG4585	1
Sms	1
FtsY	1
TlpA_like_family	1
FAU1	1
DUF3552,RnaY	1
SYLF	1
DedA	1
DUF945	1
MSSP	1
WES_acyltransf	1
NAD_binding_4	1
SMI1_KNR4	1
dCache_1,ZorA	1
DUF4145,NACHT,FGE-sulfatase	1
hydroxyacylglutathione_hydrolase_MBL-fold	1
Methyltransf_11	1
RNase_HI_prokaryote_like	1
MoeA_N	1
DEDDh,Lig,DUF4813,TerD	1
HTH_28,WYL	1
cas8e,Collagen	1
cse2gr11,cse2gr11	1
NPD_FabD	1
COG2936,ABC_BcrA_bacitracin_resist	1
DUF1109	1
COG1926,DLH	1
ModF	1
DRE_TIM_LeuA,LeuA_dimer	1
FadR	1
NPP1	1
PKS,PksD,FAP,FabA,FabA,FabA,FabA	1
PksD,Med15,KR_2_SDR_x,PS-DH	1
Imm21	1
Imm35	1
AbiEi_2	1
DUF4403	1
UPF0231	1
SpeD	1
SpeE	1
T2SS_PulS_OutS	1
STKc_PknB_like,STKc_PknB_like,STAND_TPR,FGE-sulfatase	1
HDAC_classIV	1
MopB_ydeP,MopB_CT_ydeP	1
FdhD-NarQ	1
ALDH_HMSADH_HapE	1
FAP,DUF4142	1
Dickkopf_N,Ferritin_like	1
DUF4684	1
TPR_19,YciM,STAND_TPR,Smc,TPR_15,STAND_TPR,TPR_2	1
cas5,cas3HD,cas3	1
Helicase_C_3,WYL	1
LRR_4,LRR_4,TonB	1
AraC,XynB	1
ProP	1
NrdG	1
DUF2778	1
ATPgrasp_ST	1
CadC1	1
cas8a8	1
HTH_32,rve_3	1
COG4715,SNF2_assoc,DrmD/ZorD	1
GGN,STKc_PknB_like,STAND_TPR	1
GajA,TOPRIM_OLD	1
DUF3265	1
BaeS,REC	1
STAND_TPR,BCSC_C	1
ALDH_SSADH1_GabD1	1
LtrA	1
RNR_II_monomer	1
SUKH-3	1
Nitroreductase_2	1
Cu_amine_oxidN1,GH18_CFLE_spore_hydrolase	1
NhaP	1
PtsN,FrwB,FrwC	1
GlyDH	1
Hemerythrin	1
PrimPol,COG1061	1
TniQ,RING-HC_PEX2	1
Ser_Recombinase	1
HTH_16	1
RlpA	1
cas3,cas8u1	1
PuR_N,WYL	1
RHOD	1
Nuc-transf	1
PdxS	1
GATase1_PB	1
SpoU,SpoU_methylas_C	1
GATase1_PfpI_like	1
OMP_decarboxylase_like	1
DUF3632,COG5373	1
Thr-dehyd	1
TniQ,DNA_ligase_ZBD	1
COG1700	1
HTH_LacI,PBP1_Qymf_like	1
ALDH_YwdH-P39616	1
SacC	1
UgpB	1
FucI	1
TrpE	1
Aminotran_4	1
BglX,Glyco_hydro_3_C,Fn3-like	1
CrcB	1
BKR_SDR_c	1
PAS_3,PAS,PAS,COG4191,SAPR	1
Fe-ADH-like	1
cas10d,cas10d	1
DrsE_2	1
SecA	1
TusA,RHOD	1
RHOD_Lact_B,POD-like_MBL-fold	1
BsYrkD-like_DUF156	1
4HBT_3	1
RpoE,SnoaL_2	1
FadM	1
AsnC_trans_reg	1
AlkA	1
Bac_surface_Ag	1
RarA	1
LbH_MAT_like	1
GGN,Cytochrome_C554	1
PriA	1
STAND_TPR,DnaJ	1
HEAT_2,NACHT,HEAT,YfmG	1
MUS81	1
COG1665	1
SUA5	1
COG1707	1
COG3350	1
HHH_3	1
zinc_ribbon_2,HALZ	1
zinc_ribbon_2,DUF4328	1
YdbS	1
DUF749	1
DUF2096	1
COG1403,COG1061	1
TPR_19,PrimPol	1
ANAPC3	1
GajB/UvrD,PDDEXK_1	1
csx1,Cas9_PI,csx20	1
ssDNA-exonuc_C	1
YfeH	1
LssY_C	1
MelB	1
LacZ	1
HTH_LacI,PBP1_LacI	1
MurQ	1
PTS_IIB_glc,PtsG1	1
DUF871	1
NrdF	1
YeiB	1
STAND_TPR,Trp_oprn_chp,Sensor	1
PheA2	1
LhgO	1
COG4072	1
IspA	1
USP_Like	1
GST_N_Sigma_like,GST_C_3	1
COG5495	1
DUF3180	1
FolB,DUF4813,HPPK,Amelogenin	1
DHPS	1
GTP_cyclohydroI	1
Mucin	1
Spr	1
Pentapeptide_3,Pentapeptide_3,Pentapeptide_3	1
COG3291	1
DUF4114,Peptidases_S8_Subtilisin_subset,LysM,LysM,CHAP	1
KAP_NTPase	1
htpX	1
DUF4112	1
TniQ,GATA,HTH_3	1
Tn7_Tnp_TnsA_N,rve,Mu-transpos_C	1
DsrE	1
TusA	1
BioW	1
KBL_like	1
BioD	1
GlpF	1
PTS_IIB_glc,PtsG1,MAT1	1
AmyAc_SI_OligoGlu_DGase	1
GlpG	1
Phage_holin_5_2	1
XhlA	1
DUF3751	1
DUF2313	1
Baseplate_J	1
DUF2634	1
DUF2577	1
RHH_5	1
COG0610,DUF45	1
SDH_sah	1
HTH_GlnR-like	1
GAS	1
DUF975	1
LRR_5,LRR_5,Dockerin_I	1
Zn_Tnp_IS1595,DDE_Tnp_IS1595	1
Dockerin_I	1
Adenylsucc_synt	1
csm3gr7, csx10gr5	1
pfam03432,DUF2336	1
csm3gr7, csx10x	1
Baculo_PEP_C,DUF3794	1
cas12j,cas12j	1
Glycos_transf_2	1
ABC_ModC_like,TOBE	1
Pribosyltran	1
5_3_exonuc_N,5_3_exonuc	1
LmbE	1
HTH_XRE,STAND_TPR	1
DUF3211	1
PBP2_ModA_WtpA	1
CysU	1
COG1106	1
DUF3226	1
BirA,BPL	1
PhyH	1
KptA	1
cas10,csx1	1
DUF1643	1
DUF4143	1
cas8a2,csa5gr11	1
cas8b13	1
DUF4363,cas8b2	1
COG5550	1
cas3,casR	1
Pantoate_ligase	1
YdbT	1
Peptidases_S8_1	1
Asp_decarbox	1
MttA_Hcf106	1
MopB_Formate-Dh-Na-like,MopB_Formate-Dh-Na-like,MopB_Formate-Dh-Na-like,MopB_CT_Formate-Dh-Na-like	1
HybA_like	1
HybB	1
FdhE	1
2Fe-2S_thioredx	1
TRX_Fd_family,NuoF,MtMvhB_like	1
YjgC	1
GajB/UvrD,GajB	1
STKc_PknB_like,TPR_10	1
COG5558	1
DUF2080	1
IclR,WYL	1
LplB	1
PBP2_AlgQ_like_2	1
SGSH	1
PBP1_ABC_sugar_binding_like_2	1
L-fuc_L-ara-isomerases	1
TetR_N	1
Flavodoxin_2	1
AraJ	1
GerA	1
SpoVAE	1
SpoVAD	1
YejB	1
Drf_FH1,DUF4190,Septum_form	1
Bcp	1
CE4_DAC_u3_5s	1
Nudix_Hydrolase_26	1
ExoIII-like_AP-endo	1
Ribosomal_L12	1
DUF664	1
Pep_deformylase	1
PBP2_NikA_DppA_OppA_like_14	1
YejE	1
RpsA	1
YejF	1
Fumarate_red_D	1
Fumarate_red_C	1
LbH_G1P_TT_C_like	1
DUF4192,TPR_12	1
NTP-PPase_COG4997	1
Retinal	1
Lon_C,WD40	1
Vgb	1
CelB	1
PTS_IIA	1
GH4_P_beta_glucosidase	1
Prim-Pol	1
COG2345,WYL	1
Cupin_4	1
NHL_like_6,Big_3_5	1
EFh_HEF	1
Aldedh	1
DUF3761	1
EhpR_like	1
TrwC,AAA_30	1
DUF4192	1
ParB_N_like	1
HTH_28,Terminase_6	1
Endonuclease_7	1
DdpX	1
MDR_like_2	1
Transposase_31	1
Fer4_13	1
P-type_ATPase_Cu-like	1
HTH_Hin_like	1
DrmD/ZorD	1
YfjP	1
HK97-gp10_like	1
Phage_portal	1
LacI,PBP1_GntR	1
HTH_HMRTR	1
GntK	1
HTH_38,rve	1
Lactonase	1
TauA	1
GntR	1
DUF3500	1
IlvB	1
HpcH	1
SRPBCC_5	1
Dyp_perox	1
Peptidase_S78_2,DUF3381	1
Myco_19_kDa,Imelysin-like_EfeO	1
FAD_binding_3	1
HTH_23,HTH_21,rve,rve_2	1
GrpE	1
YfmG	1
DUF1257	1
YfdV	1
ALDH_StaphAldA1	1
Phage_cap_P2	1
UbiD	1
Helicase_C_3	1
Helicase_C_3,COG1061	1
Phage_GP20	1
RbsD_FucU	1
DUF4926	1
COG4889,HA,HA,HA,HA	1
LZ_Tnp_IS481,rve	1
FusA	1
IMPase	1
TrmJ	1
Nitroreductase	1
ThiC-associated,ThiC_Rad_SAM	1
PBP1_ABC_sugar_binding_like	1
rTSbeta_L-fuconate_dehydratase	1
COG3618	1
rhaM	1
gram_neg_porins	1
TolC	1
PBP1_SBP_like_1	1
MogA_MoaB	1
PG_binding_1,NLPC_P60	1
AzlC	1
AzlD	1
Tryptophan_synthase_alpha	1
DeoR	1
DeoC	1
deoxyribose_mutarotase	1
YcjR	1
COG4933	1
PyrG	1
LPLAT_MGAT-like	1
HD_3	1
TS_Pyrimidine_HMase	1
RlmN	1
HTH_35	1
Tn7_Tnp_TnsA_N	1
LZ_Tnp_IS66,DDE_Tnp_IS66,DDE_Tnp_IS66_C	1
UxaE	1
PBP2_OppA	1
UxaC	1
KdgK	1
KduI	1
Glyco_hydro_88	1
PBP2_LTTR_substrate	1
LplA,Lip_prot_lig_C	1
pCLME	1
2HCT	1
M20_dipept_Sso-CP2	1
TrpB	1
IGPS	1
PRAI	1
NHL_like_1	1
Peptidase_S66	1
LysU	1
DHPR_SDR_c_like	1
TypA	1
COG5529	1
HipA	1
CBS_pair_GGDEF_EAL,COG4191	1
FixJ	1
YncE,Phytase-like	1
trans_reg_C,STAND_TPR	1
NAT_SF	1
COG4544	1
PolY_like	1
thiolase	1
hydroxyacyl-CoA-like_DH_SDR_c-like	1
NodN	1
AcylCoA_DH_N,ACAD_fadE5,Acyl-CoA_dh_C	1
EHN,Abhydrolase_1	1
Rep_3	1
HTH_XRE,S24_LexA-like	1
ElsH	1
PAP2_like	1
tRNA_synt_2f,DALR_1	1
Lysophospholipase_L1_like	1
tRNA-synt_2e	1
PolY_Pol_IV_kappa	1
HI0933_like	1
COG2509	1
RNaseZ_ZiPD-like_MBL-fold	1
DUF5011,Transglut_core	1
DltA	1
AcpP	1
DltB	1
LemA	1
Whib	1
YgcG	1
MgtC,ACT_RelA-SpoT	1
HTH_38,FYVE_like_SF,Tra8	1
Xre,pfam12773	1
GajB	1
COG3440	1
COG2888	1
MobC	1
DUF2637	1
DUF1508	1
pfam09722	1
HTH_23,HTH_33	1
DUF2835	1
cse2gr11,cas7	1
RlmL,RlmK	1
MetG,tRNA_bind_EcMetRS_like	1
ParA	1
Ribosomal_S15	1
CirA,CirA	1
HugZ	1
HugX	1
DUF551	1
Phage_GPA	1
YdaS_antitoxin	1
COG2932	1
RsdA_SigD_bd,PARM	1
IMPDH,CBS_pair_IMPDH,IMPDH	1
DUF4287	1
CypX	1
BetA	1
CBS_like	1
EcfT	1
ABC_cobalt_CbiO_domain1	1
Glyco_transf_25	1
STAND_TPR,LuxR_C_like	1
PucR	1
COG4096	1
HTH_1,PBP2_GcdR_TrpI_HvrB_AmpR_like	1
AAA_22	1
Caroten_synth	1
CHAP	1
HTH_32	1
Keratin_2_head,cas3HD,cas3	1
PurU	1
OSB_CoA_lg	1
SLC5sbd_u4,ActP	1
PepP	1
EutQ	1
PinE	1
DAO	1
YgaK,Pyr_redox_2	1
ALDH_AAS00426	1
HcaE	1
AAA_16,STAND_TPR	1
DadA	1
PrfC	1
DUF3686,MscS_porin,STAND_TPR,MoxR	1
DUF4158,DDE_Tnp_Tn3	1
DEDD_Tnp_IS110,Transposase_20,HTH_XRE	1
AAA_16,casR	1
YjgP_YjgQ	1
trans_reg_C	1
DUF4268	1
SRAP	1
DruE,DruE,DruE	1
CLZ	1
COG4585,Loricrin	1
ABC2_membrane_4,Trp_oprn_chp	1
CoxE	1
MalT,GGDEF	1
STAND_TPR,GGDEF	1
STAND_TPR,SMBP_like,YadA_anchor	1
HicB,HTH_31	1
PBP2_BvgS_HisK_like,HDGYP,HDGYP	1
DDE_Tnp_IS240	1
HAD	1
CopG_antitoxin	1
ArsC_ArsC	1
ArsB_permease	1
PAS,MCP_signal	1
HTH_ARSR,PBP2_CysB_like	1
Sbp	1
PP2Cc	1
cas8b5,cas8b5	1
PBP2_TMBP	1
EutG	1
PBP2_HisJ_LAO	1
MscK	1
RidA	1
SpoU	1
DUF4835	1
CoaBC	1
CoA_transf_3	1
GCD	1
HTH_1,PBP2_GcdR_like	1
ALDH_F5_SSADH_GabD	1
PDDEXK_2,DUF4351	1
cas5u,csb2gr5	1
DUF3892	1
cas8e,cas7	1
ZorB/MotB	1
REC	1
SLC5sbd_u4	1
DUF4212	1
sCache_2,HAMP,ZorA	1
RhaT	1
Arm-DNA-bind_2,Phage_int_SAM_3,INT_ICEBs1_C_like	1
icity0081,MNT	1
HyfB	1
DppB	1
Y_phosphatase3	1
DUF4364	1
Cu_amine_oxidN1,FN3,FN3,DegQ,Big_5	1
DUF736	1
DUF2493	1
Toprim_3	1
STAND_TPR,AAA_34,Helicase_C_4	1
AlaX	1
Exonuc_VII_S	1
SDF	1
FbaB	1
OadA1,AccB	1
ArsA	1
GATase1_GMP_Synthase,GuaA2	1
Hpt1	1
DUF1667	1
PLDc_unchar3	1
Phos_pyr_kin,ThiP_synth	1
THI4	1
LRR_4,LRR_4,COG3291	1
YbbJ	1
Cupin_2	1
SpoOE-like	1
RVT_N,RT,GIIM,COG1403	1
YcxB	1
MarR,NagC	1
bac_FRK	1
Cellulase,PT,CBM_2,CBM_2	1
SUKH_6	1
MATE_yoeA_like	1
COG4748	1
ALF,ALF,ALF,ALF	1
Nterm_IS4,DDE_Tnp_1	1
KAP_NTPase,ThsB	1
Arm-DNA-bind_4,Phage_int_SAM_3,INT_ICEBs1_C_like	1
Mut7-C	1
ATZ_TRZ_like	1
MtnA	1
Gly-zipper_YMGG	1
COG0732	1
WD40,WD40,WD40,WD40,WD40	1
HTH_XRE,DUF4364	1
GcvP1,GcvP2	1
GcvH	1
GcvT	1
SPFH_eoslipins_u1	1
DUF2240	1
HolB	1
PhoU,PhoU	1
CAP_ED,GGDEF	1
CHD,STAND_TPR	1
HTH_11,WYL,cas3HD,cas3	1
HTH_Tnp_1,HTH_Tnp_1,HTH_32,rve	1
NosY	1
Arm-DNA-bind_3,Phage_int_SAM_3,INT_P4_C	1
AntA	1
Prim_Zn_Ribbon,TOPRIM_primases,COG3378	1
DUF3096	1
SLC13_permease	1
malate_synt_A	1
DS	1
MNHE	1
MnhC	1
MnhB	1
DUF4040	1
MnhG	1
MnhF	1
NuoD	1
NuoB,Complex1_30kDa	1
AceA	1
LysR	1
Fasciclin	1
6PGL	1
HisKA_7TM	1
FrhB	1
TPR_1,PilF	1
YdiU	1
MqsA_antitoxin	1
GT4_CapM-like	1
Fmt	1
YjcC	1
YdjM	1
Zwf	1
DUF2235	1
Gnd	1
Lhr	1
Alkyl_sulf_dimr,TPR_19,STAND_TPR	1
ThiF	1
COG1033	1
LolA_like	1
VPEP	1
LrgB	1
LrgA	1
PBP2_NikA_DppA_OppA_like_20	1
DppC	1
REC,KdpD	1
AMP_N,Prolidase	1
AAK_CK	1
Nape_like_AP-endo	1
FolD	1
GlyA	1
IstB_IS21_ATP,IstB_IS21	1
vWFA	1
AAA_13	1
PrimPol,COG1061,PLDc_C_DEXD_like	1
cas6,cas6	1
HTH_Tnp_IS630,DDE_3	1
NMN_transporter	1
NMNAT_NadR,AAA_28	1
DUF2380	1
CBP_BcsR	1
TrmN6	1
SrmB	1
AnmK	1
HemN	1
DUF2489	1
YihI	1
RluA	1
COG3415,ARGLU,DDE_3	1
VCBS,VCBS,VCBS	1
TlpA_like_ScsD_MtbDsbE	1
ECM4	1
COG4251,CheY	1
SAPR,PAS	1
FhlA,PAS,PAS,FhlA,PleD	1
RpfG	1
DUF4118,PAS_3,FhlA,PAS,PAS,PAS_9,VicK	1
OmpR,Hpt,REC,REC	1
Ape1-like_AP-endo	1
LDH	1
Branch_AA_trans	1
cas2,PolC	1
Tachylectin	1
ACH1	1
DUF1826	1
YejR	1
pfam11185	1
Asp_Glu_race	1
AL_MDR	1
rve_2	1
TniQ,MerR	1
Laminin_G_3,RhsA,RhsA	1
ZorD,RapA_C	1
PnuC	1
DNA_pol_B_2,POLBc_B3	1
DruM/Dcm	1
SUA7	1
DUF2196	1
Phage_holin_4_2	1
MPP_YkuE_C	1
Ion_trans	1
FtsX	1
ABC_MJ0796_LolCDE_FtsE	1
DUF2116	1
AAK_UMPK-PyrH-Pf	1
MutY	1
DUF4231	1
DruE,DruE	1
ADK_lid,DruE	1
pfam13091	1
DnaX,DUF3646	1
Dendrin	1
STAND_TPR,JetA,LmuB,Smc,HemY,STAND_TPR,TPR_19,TPR_2	1
MurE	1
COG3919	1
FolC	1
GAR1	1
HamA	1
A_NRPS,LbH_MAT_like,LbH_gamma_CA_like,LbH_gamma_CA_like	1
SpoU_methylase	1
AlkD_like_1	1
Peptidase_C39_2	1
HrcA	1
COG3492	1
L-Ala-DL-Glu_epimerase	1
DUF1611	1
CitE	1
YegD_like	1
Methyltransf_9	1
RtcB	1
HamB,DUF5099	1
SIRT5_Af1_CobB	1
PrfB	1
MPP_PPP_family	1
Lipase	1
DUF1433	1
Zn_ribbon_2	1
MCP_signal	1
HelD	1
ALF,ALF,ALF,STAND_TPR,PT-HINT	1
cas13d	1
